INSERT INTO public.authors
(author_id, author_name)
VALUES
(1, 'Пушкин Александр Сергеевич'),
(2, 'Лермонтов Михаил Юрьевич'),
(3, 'Чехов Антон Павлович'),
(4, 'Достоевский Федор Михалович'),
(5, 'Грибоедов Александр Сергеевич'),
(6, 'Булгаков Михаил Афанасьевич'),
(7, 'Толстой Лев Николаевич '),
(8, 'Гоголь Николай Васильевич'),
(9, 'Тургенев Иван Сергеевич'),
(10, 'Куприн Александр Иванович');


INSERT INTO public.publish_houses
(publ_house_id, house_name, city)
VALUES
(1, 'Дрофа', 'Москва'),
(2, 'Феникс', 'Ростов-на-Дону'),
(3, 'Просвещение', 'Москва');

INSERT INTO public.books
(book_id, title, author_id, public_year, amount_pages, price, amount, publ_house_id) 
VALUES
(1, 'Евгений Онегин', 1, 1997, 260, 199.70, 7, 1),
(2, 'Палата № 6', 3, 2000, 74, 75.99, 2, 3),
(3, 'Преступление и наказание', 4, 1977, 412, 399.99, 3, 2),
(4, 'Мцыри', 2, 1989, 210, 127.99, 6, 1),
(5, 'Недоросль', 5, 1990, 120, 229.00, 4, 3),
(6, 'Капитанская дочка', 1, 1990, 230, 200.00, 2, 3),
(7, 'Руслан и Людмила', 1, 2017, 280, 189.00, 5, 1),
(8, 'Герой нашего времени', 2, 1980, 180, 198.00, 8, 2),
(9, 'Княгиня Лиговская', 2, 1972, 320, 90.00, 2, 3),
(11, 'Толстый и тонкий', 3, 2022, 280, 260.00, 5, 3),
(10, 'Каштанка', 3, 1989, 120, 129.00, 3, 1),
(12, 'Братья Карамазовы', 4, 2002, 276, 359.00, 6, 2),
(13, 'Бедные люди', 4, 2012, 240, 218.00, 3, 2),
(14, 'Грузинская ночь ', 5, 1965, 244, 79.90, 2, 1),
(15, 'Диалог половецких мужей', 5, 1980, 304, 98.80, 4, 2),
(16, 'Собачье сердце', 6, 2014, 380, 650.00, 4, 3),
(17, 'Белая гвардия', 6, 2018, 296, 273.00, 3, 1),
(18, 'Война и мир, том 1', 7, 2020, 516, 450.00, 2, 2),
(19, 'Война и мир, том 2', 7, 2020, 504, 450.00, 2, 2),
(20, 'Война и мир, том 3', 7, 2020, 680, 450.00, 2, 2),
(21, 'Война и мир, том 4', 7, 2020, 611, 450.00, 2, 2),
(22, 'После бала', 7, 2019, 374, 299.00, 3, 1),
(23, 'Кавказский пленник', 7, 2008, 260, 230.00, 2, 3),
(24, 'Тарас Бульба', 8, 2015, 380, 420.00, 3, 2),
(25, 'Ревизор', 8, 2017, 396, 411.00, 4, 1),
(26, 'Вечера на хуторе близ Диканьки', 8, 1962, 412, 274.00, 3, 3),
(27, 'Отцы и дети', 9, 2010, 316, 214.00, 3, 2),
(28, 'Муму', 9, 2019, 80, 120.00, 4, 2),
(29, 'Записки охотника', 9, 2008, 186, 120.00, 3, 1),
(30, 'Мастер и Маргарита', 6, 2019, 340, 270.00, 3, 1),
(31, 'Звезда Соломона', 10, 2001, 280, 160.00, 2, 3),
(32, 'Сапсан', 10, 2003, 240, 140.00, 2, 3),
(33, 'На переломе', 10, 2005, 296, 194.00, 3, 2);

INSERT INTO public.readers
(readers_ticket_id, full_name, adress, telephone)
VALUES
(1, 'Иванов Иван Иванович', 'г.Москва, ул.Чкалова, 15-17', '7(922)572-92-92'),
(2, 'Петров Петр Петрович', 'г.Химки, ул. Франкенштейна, 18', '7(929)929-29-29'),
(3, 'Сидоров Сидор Сидорович', 'г.Москва, набережная космонавта Волкова, 22-157', '7(912)572-11-77'),
(4, 'Кукушкин Семен Игнатьевич', 'г.Москва, Химкинский проезд, 12-99', '7(951)250-11-32'),
(5, 'Тураков Илья Макарович', 'г.Москва, ул.Савельева, 55-1', '7(929)225-74-96'),
(6, 'Губанов Терентий Олегович', 'г.Москва, ул.Гришина, 127-23', '7(952)145-92-35'),
(7, 'Трухин Григорий Тимофеевич', 'г.Москва, пр-д Завода "Серп и молот", 4-142', '7(963)201-74-95'),
(8, 'Голубева Василиса Павловна', 'г.Москва, ул.Эйденштейна, 35-12', '7(920)654-98-74'),
(9, 'Васильева Елена Александровна', 'г.Москва, ул.Федорцова, 17-205', '7(922)563-63-97'),
(10, 'Чек Арсений Павлович', 'г.Москва, ул.Шаболовская, 44-97', '7(925)140-48-79'),
(11, 'Сидорова Марина Владимировна', 'г.Москва, набережная космонавта Волкова, 22-157', '7(912)572-22-77'),
(12, 'Ткаченко Светлана Юрьевна', 'г.Москва, ул.Дзержинского, 29-35', '7(910)444-91-73');

INSERT INTO public.book_rentals 
(rent_id, readers_ticket_id, book_id, start_rental, stop_rental) 
VALUES
(1, 1, 7, '2022-01-15', '2022-01-28'), 
(2, 3, 3, '2022-01-15', '2022-01-28'), 
(3, 2, 30, '2022-01-23', '2022-01-31'), 
(4, 4, 6, '2022-02-12', '2022-01-27'), 
(5, 1, 9, '2022-02-15', '2022-03-01'), 
(6, 5, 33, '2022-02-16', '2022-02-25'), 
(7, 6, 5, '2022-02-20', '2022-03-10'), 
(8, 6, 16, '2022-02-20', '2022-03-14'), 
(9, 7, 1, '2022-02-27', '2022-03-10'), 
(10, 7, 8, '2022-02-27', '2022-03-10'), 
(11, 8, 7, '2022-03-01', '2022-03-13'), 
(12, 9, 11, '2022-03-02', '2022-03-20'), 
(13, 9, 16, '2022-03-02', '2022-03-20'), 
(14, 9, 14, '2022-03-02', '2022-03-20'), 
(15, 10, 13, '2022-03-04', '2022-03-17'), 
(16, 7, 25, '2022-03-05', '2022-03-15'), 
(17, 11, 12, '2022-03-09', '2022-03-22'), 
(18, 2, 23, '2022-03-11', '2022-03-25'), 
(19, 12, 14, '2022-03-16', '2022-03-31'), 
(20, 6, 22, '2022-03-22', '2022-04-04'), 
(21, 8, 27, '2022-03-29', '2022-04-12'), 
(22, 10, 26, '2022-04-02', '2022-04-16'), 
(23, 9, 18, '2022-04-07', '2022-04-30'), 
(24, 11, 11, '2022-04-12', '2022-04-28'), 
(25, 12, 14, '2022-04-16', '2022-04-30'), 
(26, 4, 6, '2022-04-25', '2022-05-11'), 
(27, 4, 7, '2022-04-25', '2022-05-11'), 
(28, 6, 29, '2022-04-30', '2022-05-12'), 
(29, 2, 32, '2022-05-03', '2022-05-17'), 
(30, 8, 27, '2022-05-10', '2022-05-20'), 
(31, 9, 9, '2022-05-15', '2022-05-28'), 
(32, 3, 13, '2022-05-18', '2022-05-30'),
(33, 7, 31, '2022-05-22', '2022-05-31'), 
(34, 6, 33, '2022-05-29', '2022-06-11'), 
(35, 4, 22, '2022-05-31', '2022-06-12'), 
(36, 8, 15, '2022-06-03', '2022-06-16'), 
(37, 10, 10, '2022-06-06', '2022-06-20'), 
(38, 9, 19, '2022-06-09', '2022-06-29'), 
(39, 3, 16, '2022-06-13', '2022-06-27'), 
(40, 12, 17, '2022-06-17', '2022-07-02'), 
(41, 5, 15, '2022-06-20', '2022-07-05'), 
(42, 8, 9, '2022-06-26', '2022-07-10'), 
(43, 11, 28, '2022-06-30', '2022-07-14'), 
(44, 6, 14, '2022-07-04', '2022-07-14'), 
(45, 7, 32, '2022-07-09', '2022-07-25'), 
(46, 2, 2, '2022-07-12', '2022-07-20'), 
(47, 3, 24, '2022-07-19', '2022-08-03'), 
(48, 11, 7, '2022-07-24', '2022-08-11'), 
(49, 9, 31, '2022-07-31', '2022-08-12'), 
(50, 10, 11, '2022-08-03', '2022-08-15'), 
(51, 8, 13, '2022-08-07', '2022-08-20'), 
(52, 5, 9, '2022-08-11', '2022-08-25'), 
(53, 6, 22, '2022-08-17', '2022-08-31'), 
(54, 11, 12, '2022-08-21', '2022-09-05'), 
(55, 11, 14, '2022-08-21', '2022-09-05'), 
(56, 11, 2, '2022-08-21', '2022-09-05'), 
(57, 1, 28, '2022-08-27', '2022-09-06'), 
(58, 4, 23, '2022-08-31', '2022-09-12'), 
(59, 5, 25, '2022-09-02', NULL),
(60, 8, 8, '2022-09-07', NULL),
(61, 10, 27, '2022-09-11', '2022-09-24'), 
(62, 12, 15, '2022-09-17', '2022-09-30'), 
(63, 12, 4, '2022-09-17', '2022-09-30'), 
(64, 12, 12, '2022-09-17', '2022-09-30'), 
(65, 2, 30, '2022-09-22', '2022-10-04'), 
(66, 4, 7, '2022-09-27', '2022-10-12'), 
(67, 3, 32, '2022-09-30', '2022-10-13'), 
(68, 9, 20, '2022-10-01', '2022-10-14'), 
(69, 11, 29, '2022-10-06', '2022-10-20'), 
(70, 7, 9, '2022-10-10', '2022-10-23'), 
(71, 7, 11, '2022-10-10', '2022-10-23'), 
(72, 7, 2, '2022-10-10', '2022-10-23'), 
(73, 6, 25, '2022-10-16', NULL), 
(74, 4, 13, '2022-10-20', '2022-10-31'), 
(75, 11, 9, '2022-10-24', '2022-11-07'), 
(76, 9, 29, '2022-10-29', '2022-11-11'), 
(77, 1, 27, '2022-11-01', '2022-11-11'), 
(78, 5, 3, '2022-11-06', '2022-11-20'), 
(79, 2, 7, '2022-11-11', '2022-11-24'), 
(80, 2, 8, '2022-11-11', '2022-11-24'), 
(81, 2, 9, '2022-11-11', '2022-11-24'), 
(82, 10, 23, '2022-11-16', '2022-11-30'), 
(83, 10, 27, '2022-11-16', '2022-11-30'), 
(84, 10, 31, '2022-11-16', '2022-11-30'), 
(85, 8, 32, '2022-11-20', '2022-12-02'), 
(86, 1, 4, '2022-11-25', '2022-12-08'), 
(87, 2, 3, '2022-11-30', '2022-12-11'), 
(88, 7, 10, '2022-12-03', '2022-12-15'), 
(89, 3, 5, '2022-12-07', '2022-12-22'), 
(90, 3, 6, '2022-12-07', '2022-12-22'), 
(91, 3, 25, '2022-12-07', '2022-12-22'), 
(92, 4, 12, '2022-12-12', '2022-12-25'), 
(93, 6, 14, '2022-12-18', '2022-12-31'), 
(94, 9, 21, '2022-12-20', '2023-01-10'), 
(95, 11, 8, '2022-12-26', '2023-01-11'), 
(96, 1, 6, '2022-12-31', '2023-01-10'), 
(97, 3, 3, '2023-01-15', '2023-01-28'), 
(98, 2, 30, '2023-01-23', '2023-01-31'), 
(99, 4, 6, '2023-02-12', NULL),
(100, 1, 9, '2023-02-15', '2023-03-01'), 
(101, 5, 33, '2023-02-16', '2023-02-25'), 
(102, 6, 5, '2023-02-20', '2023-03-10'), 
(103, 6, 16, '2023-02-20', '2023-03-14'), 
(104, 7, 1, '2023-02-27', '2023-03-10'), 
(105, 7, 8, '2023-02-27', '2023-03-10'), 
(106, 8, 7, '2023-03-01', '2023-03-13'), 
(107, 9, 11, '2023-03-02', '2023-03-20'), 
(108, 9, 16, '2023-03-02', '2023-03-20'), 
(109, 9, 14, '2023-03-02', '2023-03-20'), 
(110, 10, 13, '2023-03-04', '2023-03-17'), 
(111, 7, 25, '2023-03-05', '2023-03-15'), 
(112, 11, 12, '2023-03-09', '2023-03-22'), 
(113, 2, 23, '2023-03-11', '2023-03-25'), 
(114, 12, 14, '2023-03-16', '2023-03-31'), 
(115, 6, 22, '2023-03-22', '2023-04-04'), 
(116, 8, 27, '2023-03-29', '2023-04-12'), 
(117, 10, 26, '2023-04-02', '2023-04-16'), 
(118, 9, 18, '2023-04-07', '2023-04-30'), 
(119, 11, 11, '2023-04-12', '2023-04-28'), 
(120, 12, 14, '2023-04-16', '2023-04-30'), 
(121, 4, 6, '2023-04-25', '2023-05-11'), 
(122, 4, 7, '2023-04-25', '2023-05-11'), 
(123, 6, 29, '2023-04-30', '2023-05-12'), 
(124, 2, 32, '2023-05-03', '2023-05-17'), 
(125, 8, 27, '2023-05-10', '2023-05-20'), 
(126, 9, 9, '2023-05-15', '2023-05-28'), 
(127, 3, 13, '2023-05-18', NULL),
(128, 7, 31, '2023-05-22', '2023-05-31'), 
(129, 6, 33, '2023-05-29', '2023-06-11'), 
(130, 4, 22, '2023-05-31', '2023-06-12'), 
(131, 8, 15, '2023-06-03', '2023-06-16'), 
(132, 10, 10, '2023-06-06', '2023-06-20'),
(133, 9, 19, '2023-06-09', NULL),
(134, 3, 16, '2023-06-13', NULL),
(135, 12, 17, '2023-06-17', NULL),
(136, 5, 15, '2023-06-19', NULL);